Time,FC3,FCz,FC4,C3,Cz,C4
0.0,-21.0,-15.0,-14.0,-19.0,-18.0,-15.0
0.00625,-20.0,-14.0,-13.0,-18.0,-17.0,-14.0
0.0125,-18.0,-12.0,-11.0,-16.0,-15.0,-12.0
0.01875,-17.0,-11.0,-10.0,-15.0,-14.0,-11.0
0.025,-18.0,-12.0,-11.0,-16.0,-15.0,-12.0
0.03125,-19.0,-13.0,-12.0,-17.0,-16.0,-13.0
0.0375,-21.0,-15.0,-14.0,-19.0,-18.0,-15.0
0.04375,-23.0,-17.0,-16.0,-21.0,-20.0,-17.0
